"ID","Key","Value"
"id-3e0d6db1da5e44a59fd0b5bcb3acae2d","",""
"id-26dd73d244d741a0959ef9654834a6f0","Access_Type","Write"
"id-f3020ed13bb447b0b18fb175b0a20d56","Directed","false"
"id-95540357833b47afa8ae3a5e211be615","Access_Type","Write"
"id-782f70a92f75491d960eb0ec4b0ac61c","Directed","false"
"id-eb0bc97cf3454ec6a95700328649afb5","Access_Type","Write"
"id-c8242f7e85fd4b6c849c21425fbcdc10","Directed","false"
"id-83e16965fac945d0bcfde2757c689deb","Directed","false"
"id-bc5778f748d84b69894e1297c0eec72e","Directed","false"
"id-1b668a22021a4c2792d1a606d2886fff","Directed","false"
"id-0e3857f7b6364476bf79fb7a861a9107","Directed","false"
"id-bf9e125c2a454152bccaca688f60cd68","Directed","false"
"id-2a2b0a80dbe445ea8ab72144dfabfe3b","Directed","false"
"id-68066b83f7fa46f4b9f542822f054e77","Access_Type","Write"
"id-0d28981eedb44161a3f2c2dba036876c","Access_Type","Write"
"id-c9410c4ed582437da2a86bbe712176e9","Directed","false"
"id-9bb30a7f1dc64138a41a9d9f60f2e893","Access_Type","Write"
"id-20dbae1ef17e459bbc2f898f9f217015","Directed","false"
"id-82ecefc2be2d4f46800286b20017c95f","Directed","false"
"id-bea4123458e44258b5b0f8cf029f096e","Directed","false"
"id-72695f5f83984b4fa9c896a24d119d91","Directed","false"
"id-2565737a10b84945b93089496f8203f5","Directed","false"
"id-fd359386aca14f1cba62e3371a9246b7","Directed","false"
"id-124239356ab146eb823d900bd42f199a","Directed","false"
"id-6b0135586dc64db98585ec89fcdd139d","Directed","false"
"id-4a47cf5ffb814ded8e056fe75ad81bd3","Directed","false"
"id-8af81ed3b4744eafa1eaba0d40050835","Directed","false"
"id-dd610ec036884bcf9ca410dfd9ed7fe3","Directed","false"
"id-e9037d6341294c4da4a33755c308f05c","Directed","false"
"id-3b415aea6924406b988f78b81345f8cd","Access_Type","Write"
"id-a56e0bbbe80d43819f81730eeb7eef00","Directed","false"
"id-d1997bbf69d7419898e45cf8e35a7a2a","Directed","false"
"id-f4273ab816e143f891d41995148bf28f","Access_Type","Write"
"id-683116ba8f374b4aa7a7a15550f9b8cf","Directed","false"
"id-2390d8a57f6f44228a6aa4dc758c5a55","Directed","false"
"id-cd5da83820a74c4e8956120e318e6a35","Directed","false"
"id-5a55cf1c7e1544609002226d65b3613f","Access_Type","Write"
"id-b55935942f9441c8be632425658c7008","Directed","false"
"id-881a39fe7f7d404fa79f55aaf896cbe9","Directed","false"
"id-45f3f82b22a04e4aafc83d0c8ce104fe","Access_Type","Write"
"id-5e41a78c0dcc41d890b2bf8c840ddd82","Directed","false"
"id-1b2c598566184e8a9b0d7d3de04503ac","Directed","false"
"id-93902d555d9c4b98b7d7481a3b9491d1","Directed","false"
"id-6a7febee785148c6835160f604bb6044","Directed","false"
"id-ab76dab2f8f84785a09a4211438d36a9","Directed","false"
"id-8b04ff2adcb845e89bbc52132da99b5d","Directed","false"
"id-39665e3a84524b8ba7b3b1aec84c79dd","Access_Type","Write"
"id-26a8c47f2de54f73a3f32b2c3ed4f873","Access_Type","Write"
"id-ff317d349d5e483693cd0f02b6a107ce","Access_Type","Write"
"id-828ba05bd3e54d88aa6cf109b08651b6","Directed","false"
"id-276320f0bbf04d999b6ec280ae45d1f4","Directed","false"
"id-4ea890604e014ee389152050a7ceb8cd","Access_Type","Write"
"id-e24f691d22c247fb9b40f488d930ee88","Directed","false"
"id-43421f3a42c344ca89acd3a123ecaa32","Directed","false"
"id-a4aca7ad11d44f508bca1bf021c61dae","Directed","false"
"id-7cf1e9c25a3d4a998394bb559f8e9c7f","Access_Type","Write"
"id-01dadb93bd1b4ab599388df92c9a06cf","Directed","false"
"id-43beb4cb7f6c4c34ba5bb23f1b903daa","Directed","false"