"ID","Type","Name","Documentation","Source","Target","Specialization"
"id-26dd73d244d741a0959ef9654834a6f0","AccessRelationship","","","id-aa513e51053545c0b75876b8acc50b2b","id-c9d36edb264f49e385b3c8e552b63736",""
"id-95540357833b47afa8ae3a5e211be615","AccessRelationship","","","id-146e93c311164f37b9770f4f656ce6ed","id-75da87ec51004d0c8ff803991521ba5a",""
"id-eb0bc97cf3454ec6a95700328649afb5","AccessRelationship","","","id-10ca9fa9cd6e4b1abc7f0fdb40d07e80","id-db86e452bf434779b1a1d4605322cbe3",""
"id-68066b83f7fa46f4b9f542822f054e77","AccessRelationship","","","id-563b2110ee0141a193d1bb867a2d029e","id-f32b97627eb445d08c375dd18905fc96",""
"id-0d28981eedb44161a3f2c2dba036876c","AccessRelationship","","","id-10ca9fa9cd6e4b1abc7f0fdb40d07e80","id-1476dd75986748bab22c6afdee244c25",""
"id-9bb30a7f1dc64138a41a9d9f60f2e893","AccessRelationship","","","id-aa513e51053545c0b75876b8acc50b2b","id-ae6d47fdffbc4e95afc0f83b15b94244",""
"id-3b415aea6924406b988f78b81345f8cd","AccessRelationship","","","id-d0911f734bb64711b84df76baad8b070","id-42f04fc92848404ba2f3e3c851eec223",""
"id-f4273ab816e143f891d41995148bf28f","AccessRelationship","","","id-d0911f734bb64711b84df76baad8b070","id-9317da0b32054394b0680f2c418ebedc",""
"id-5a55cf1c7e1544609002226d65b3613f","AccessRelationship","","","id-aa513e51053545c0b75876b8acc50b2b","id-4bbc3513e1b74bbea0a883ddde32332b",""
"id-45f3f82b22a04e4aafc83d0c8ce104fe","AccessRelationship","","","id-146e93c311164f37b9770f4f656ce6ed","id-026049dfa8ad4d648c98a3ddeb62f8b2",""
"id-39665e3a84524b8ba7b3b1aec84c79dd","AccessRelationship","","","id-563b2110ee0141a193d1bb867a2d029e","id-c939c8998d2c4b538a3bfad7feadb7ba",""
"id-26a8c47f2de54f73a3f32b2c3ed4f873","AccessRelationship","","","id-563b2110ee0141a193d1bb867a2d029e","id-8614077189064d3288d7ad1c16638a44",""
"id-ff317d349d5e483693cd0f02b6a107ce","AccessRelationship","","","id-10ca9fa9cd6e4b1abc7f0fdb40d07e80","id-09ef67576bec497e902077429930704b",""
"id-4ea890604e014ee389152050a7ceb8cd","AccessRelationship","","","id-d0911f734bb64711b84df76baad8b070","id-2af4bb4d64fd4f41a647f5fe91530374",""
"id-7cf1e9c25a3d4a998394bb559f8e9c7f","AccessRelationship","","","id-146e93c311164f37b9770f4f656ce6ed","id-53926347263c49e2871029dc426b9616",""
"id-003759690a0c425893b42d7bcfda0649","AggregationRelationship","","","id-a0af72bbe7fe43e69ec45f25b678ffb6","id-1d90bb64fa264c84b1caf13713b9ec24",""
"id-93e24a5e67df47f1a7ee45ee8c42936c","AggregationRelationship","","","id-a0af72bbe7fe43e69ec45f25b678ffb6","id-591af9fc88994522b8974450cb138bdc",""
"id-81d2a8c9b22b49cebb5f6c886a9fed50","AggregationRelationship","","","id-a0af72bbe7fe43e69ec45f25b678ffb6","id-c96086e82a3c4a28b78d3d565c52c60e",""
"id-badd29111e5e4c9cb6585c21a8d17c26","AggregationRelationship","","","id-a0af72bbe7fe43e69ec45f25b678ffb6","id-b44cd6ed55a648d49df02398675e0a02",""
"id-6ae0833d257c49e78b89488693e46ee9","AggregationRelationship","","","id-a0af72bbe7fe43e69ec45f25b678ffb6","id-98fa77eb8210446aadcb2a72b3575fdb",""
"id-078ef2859c9f4071a2249677d43e42c5","AggregationRelationship","","","id-a0af72bbe7fe43e69ec45f25b678ffb6","id-6cc4ef14112740aca52a39f64454a867",""
"id-d339b678e26a44d1944d63435a4e9f98","AggregationRelationship","","","id-a0af72bbe7fe43e69ec45f25b678ffb6","id-046412b68241467e841cf54bd140da82",""
"id-0321f015758b4474ad90a79dbfc29aa9","AggregationRelationship","","","id-a0af72bbe7fe43e69ec45f25b678ffb6","id-c642d92bc6ed4c839a8555d780f5cb19",""
"id-0c6d1d9438c34969ac78c77908f0d59c","AssignmentRelationship","","","id-a0af72bbe7fe43e69ec45f25b678ffb6","id-d233737f466f45519da3107b45acfd3f",""
"id-4317e52f7b5443a2845bcc035d5dac42","AssignmentRelationship","","","id-a0af72bbe7fe43e69ec45f25b678ffb6","id-8c56071da1414281a3487296162d0261",""
"id-8292bbc8e1ef4e378fb8d116f36851ee","AssignmentRelationship","","","id-88bdc61b66084512af90cb6b90fdfd62","id-8af1049318c844208418f585711460bd",""
"id-1fef48136bec4f98a3ede48da997a947","AssignmentRelationship","","","id-88bdc61b66084512af90cb6b90fdfd62","id-3e0d6db1da5e44a59fd0b5bcb3acae2d",""
"id-004542beabc940d2935be6ed2be383df","AssignmentRelationship","","","id-88bdc61b66084512af90cb6b90fdfd62","id-ee1741e5c1b740b6bedd87d79afdad59",""
"id-b9c48d065edf4baeb9f75a78579cc9e0","AssignmentRelationship","","","id-60eadda102da4b3b938a3ad49a3d440b","id-7397d468624c4601a4c78b20be01f5b0",""
"id-f2c91addc01a48d5b0b773b793d1172c","AssignmentRelationship","","","id-a0af72bbe7fe43e69ec45f25b678ffb6","id-039b2b7a1d91446f9a68e93031ae1e70",""
"id-0bfd1cfda5f745f48c3cd11db1bd6c59","AssignmentRelationship","","","id-60eadda102da4b3b938a3ad49a3d440b","id-712ac63d0d384d41aca7e118d1ef40e3",""
"id-f3020ed13bb447b0b18fb175b0a20d56","AssociationRelationship","","","id-431a07ea060d44a9933b3d40b525c006","id-a8907ec881b641849675fd0a55d49b03",""
"id-782f70a92f75491d960eb0ec4b0ac61c","AssociationRelationship","","","id-bdf72d39edc244b480d567d93a17064c","id-676be3a1c4f146eb8e33e1ba9ce65bf0",""
"id-c8242f7e85fd4b6c849c21425fbcdc10","AssociationRelationship","","","id-bdf72d39edc244b480d567d93a17064c","id-630f794aff154986884ee9773ef1aa6c",""
"id-83e16965fac945d0bcfde2757c689deb","AssociationRelationship","","","id-0252e12979eb4c4abd733a4057f995c1","id-7f21e8694d9447789c7d9f1691e35d43",""
"id-bc5778f748d84b69894e1297c0eec72e","AssociationRelationship","","","id-bced1fc6c68f469d8351db970a20b630","id-c9b2fc69fa8c4c4d99e0fc9fee965da0",""
"id-1b668a22021a4c2792d1a606d2886fff","AssociationRelationship","","","id-7537961dc41145acaf2cd61891a86902","id-431a07ea060d44a9933b3d40b525c006",""
"id-0e3857f7b6364476bf79fb7a861a9107","AssociationRelationship","","","id-0252e12979eb4c4abd733a4057f995c1","id-7537961dc41145acaf2cd61891a86902",""
"id-bf9e125c2a454152bccaca688f60cd68","AssociationRelationship","","","id-84bc574b7dd54a0aa15da7f3c796ee50","id-ba17b004421f4993859e4ae90547408f",""
"id-2a2b0a80dbe445ea8ab72144dfabfe3b","AssociationRelationship","","","id-dfc4619d1573425b872404e1efc8b1b8","id-06cc1567f13a4f60a1c4c0678b17646e",""
"id-c9410c4ed582437da2a86bbe712176e9","AssociationRelationship","","","id-e2e3bd37f1c94f92a24a96364ba0e3bb","id-ff996410103a4200bfaadc60a4f14fe2",""
"id-20dbae1ef17e459bbc2f898f9f217015","AssociationRelationship","","","id-0252e12979eb4c4abd733a4057f995c1","id-74d6f68c268441b4bd8bd57ee7943398",""
"id-82ecefc2be2d4f46800286b20017c95f","AssociationRelationship","","","id-e361c38b14034cb4a03d7378864bf6be","id-ac94d2be5977485d8adbabbe1c3d7679",""
"id-bea4123458e44258b5b0f8cf029f096e","AssociationRelationship","","","id-bdf72d39edc244b480d567d93a17064c","id-da9411f83cb741f687c78ccfd4698e48",""
"id-72695f5f83984b4fa9c896a24d119d91","AssociationRelationship","","","id-431a07ea060d44a9933b3d40b525c006","id-44f6124149b248e7ae79c676915b6532",""
"id-2565737a10b84945b93089496f8203f5","AssociationRelationship","","","id-84bc574b7dd54a0aa15da7f3c796ee50","id-1ac42d9c263e413788497e7b843dae57",""
"id-fd359386aca14f1cba62e3371a9246b7","AssociationRelationship","","","id-dfc4619d1573425b872404e1efc8b1b8","id-fe96eda9bc5745988305daa07a6d1517",""
"id-124239356ab146eb823d900bd42f199a","AssociationRelationship","","","id-e2e3bd37f1c94f92a24a96364ba0e3bb","id-0c03d93902ee4304aa394170cecb0682",""
"id-6b0135586dc64db98585ec89fcdd139d","AssociationRelationship","","","id-fab0766e05ff4f0ca57e8e5c91713780","id-6ca25261b2dd434e8a4cd9d5985434de",""
"id-4a47cf5ffb814ded8e056fe75ad81bd3","AssociationRelationship","","","id-84bc574b7dd54a0aa15da7f3c796ee50","id-c736dc90f3c24ab793c16148170cbd26",""
"id-8af81ed3b4744eafa1eaba0d40050835","AssociationRelationship","","","id-bced1fc6c68f469d8351db970a20b630","id-d2f13b5c3f714d2e8e4f6ca404500900",""
"id-dd610ec036884bcf9ca410dfd9ed7fe3","AssociationRelationship","","","id-e2e3bd37f1c94f92a24a96364ba0e3bb","id-273555cd3fd54f03b1e41868aaf8038b",""
"id-e9037d6341294c4da4a33755c308f05c","AssociationRelationship","","","id-fab0766e05ff4f0ca57e8e5c91713780","id-f875106b325d481e8f2fb43858f991fb",""
"id-a56e0bbbe80d43819f81730eeb7eef00","AssociationRelationship","","","id-c939c8998d2c4b538a3bfad7feadb7ba","id-8614077189064d3288d7ad1c16638a44",""
"id-d1997bbf69d7419898e45cf8e35a7a2a","AssociationRelationship","","","id-bdf72d39edc244b480d567d93a17064c","id-26bd7641ac8f457ebb69da38091bc24f",""
"id-683116ba8f374b4aa7a7a15550f9b8cf","AssociationRelationship","","","id-bced1fc6c68f469d8351db970a20b630","id-74b0e46454e54b46a1fd98fca10c93bf",""
"id-2390d8a57f6f44228a6aa4dc758c5a55","AssociationRelationship","","","id-fab0766e05ff4f0ca57e8e5c91713780","id-8156810c5e814634b46ec03675cd81de",""
"id-cd5da83820a74c4e8956120e318e6a35","AssociationRelationship","","","id-f83bb093044945e69fe4c00f6118793b","id-a189329081114f9bac28324b35626448",""
"id-b55935942f9441c8be632425658c7008","AssociationRelationship","","","id-0252e12979eb4c4abd733a4057f995c1","id-c20755df98804d7781acbc2950360252",""
"id-881a39fe7f7d404fa79f55aaf896cbe9","AssociationRelationship","","","id-dfc4619d1573425b872404e1efc8b1b8","id-e105f5f43d194b8f824c3ce429d49687",""
"id-5e41a78c0dcc41d890b2bf8c840ddd82","AssociationRelationship","","","id-84bc574b7dd54a0aa15da7f3c796ee50","id-66e62ac5640b4a83ac4960407b554ca9",""
"id-1b2c598566184e8a9b0d7d3de04503ac","AssociationRelationship","","","id-0252e12979eb4c4abd733a4057f995c1","id-d813c9bd8df249a6890e6398678933a9",""
"id-93902d555d9c4b98b7d7481a3b9491d1","AssociationRelationship","","","id-e2e3bd37f1c94f92a24a96364ba0e3bb","id-f6827c8b7a4c470b9fb420f877f0e676",""
"id-6a7febee785148c6835160f604bb6044","AssociationRelationship","","","id-bced1fc6c68f469d8351db970a20b630","id-6b4c996982fd471c877ec90e82e9f606",""
"id-ab76dab2f8f84785a09a4211438d36a9","AssociationRelationship","","","id-f83bb093044945e69fe4c00f6118793b","id-276dca076d374fda9983ba8916287c58",""
"id-8b04ff2adcb845e89bbc52132da99b5d","AssociationRelationship","","","id-e361c38b14034cb4a03d7378864bf6be","id-f83bb093044945e69fe4c00f6118793b",""
"id-828ba05bd3e54d88aa6cf109b08651b6","AssociationRelationship","","","id-bced1fc6c68f469d8351db970a20b630","id-7537961dc41145acaf2cd61891a86902",""
"id-276320f0bbf04d999b6ec280ae45d1f4","AssociationRelationship","","","id-f83bb093044945e69fe4c00f6118793b","id-d8882c4175d34e89b7bd05fc7df9a361",""
"id-e24f691d22c247fb9b40f488d930ee88","AssociationRelationship","","","id-e2e3bd37f1c94f92a24a96364ba0e3bb","id-bfc3c6e9fc554958a0c2e28e56c7198c",""
"id-43421f3a42c344ca89acd3a123ecaa32","AssociationRelationship","","","id-84bc574b7dd54a0aa15da7f3c796ee50","id-bdf72d39edc244b480d567d93a17064c",""
"id-a4aca7ad11d44f508bca1bf021c61dae","AssociationRelationship","","","id-dfc4619d1573425b872404e1efc8b1b8","id-4dcab330d90a43b9a4c6efa61be0a2ae",""
"id-01dadb93bd1b4ab599388df92c9a06cf","AssociationRelationship","","","id-e2e3bd37f1c94f92a24a96364ba0e3bb","id-109f53b9df184ca49019553bc74fb1ab",""
"id-43beb4cb7f6c4c34ba5bb23f1b903daa","AssociationRelationship","","","id-0252e12979eb4c4abd733a4057f995c1","id-ca8ec5464dbb408d897ca621c79c40b0",""
"id-7570548b07e24415ab57c84ce2b3ed5e","CompositionRelationship","","","id-7f21e8694d9447789c7d9f1691e35d43","id-c20755df98804d7781acbc2950360252",""
"id-b1c35067061349209d8408e71f67e233","CompositionRelationship","","","id-273555cd3fd54f03b1e41868aaf8038b","id-f203efbf44b14db8bde80c93a9e16978",""
"id-4958487fd3814d16aa614c1e40f92dc0","CompositionRelationship","","","id-382b11b7d8d546c9bf8eb22da4d12808","id-79cf5bb7ab1f4bf6a87b62076dfbde5d",""
"id-f652db371b9c4870bcb6c63be3f14d0d","CompositionRelationship","","","id-6a9889a99f0a465a951db3a4dabb04cb","id-8af1049318c844208418f585711460bd",""
"id-d8d8e18bbbd3400283b7b2f612300566","CompositionRelationship","","","id-382b11b7d8d546c9bf8eb22da4d12808","id-b14b5061efbf4c668592164cd4701288",""
"id-a564c0958aa140dcb775423da350d096","CompositionRelationship","","","id-dfdd74d1ea4e427293b3a0f91a25ec64","id-5582883d01d14e8586efb30cc9e9dc61",""
"id-ecc5e16dfdac43e5bdbe5310f4d850f6","CompositionRelationship","","","id-5f7b4e1b2a314eab869f53d92649a072","id-c126a57cdaa242b180ddec7b92b59a46",""
"id-c3b6c90ec7d040058ac30dc2b0db7779","CompositionRelationship","","","id-6154fc708d304c598d2ffa53a05c04b8","id-22ac88841a6e4ca58af3784d9a9efefe",""
"id-7ce206dd0c0548618a90632626168e46","CompositionRelationship","","","id-ef0df9bf75d94dcab3bed5303b4361b9","id-baae3b266fa84c24811c79890c1df1c4",""
"id-27861d00c7ea4947ac7af700acebd94c","CompositionRelationship","","","id-43f02b66008544b3ac6250e3fcdb4608","id-046d158a7cbd44d2ab33f88160a48e3e",""
"id-a3cf0ae5ac00476b8b8d7d783adf739f","CompositionRelationship","","","id-11de28e3ed4b4742af8d381b0e7072c1","id-f6827c8b7a4c470b9fb420f877f0e676",""
"id-02e4a7c2d20241d7b8941fd00db04e77","CompositionRelationship","","","id-8449e9074dcc44e2b97c8d602f2dc273","id-658d0e2fd6994c5ab9fab5a219251803",""
"id-4bccfde4afd14d77b789702166abbe32","CompositionRelationship","","","id-b14b5061efbf4c668592164cd4701288","id-8fe13eb69bcf47fcb6ad7781c13e469b",""
"id-05baa0386eea40c9b8aac893b6712c66","CompositionRelationship","","","id-ae9db20cd1eb4095bc6d25b65665f4e2","id-7a43c9a733694e1faeaacddbdf1734af",""
"id-955dbe385df844d2b135a621e3aa7896","CompositionRelationship","","","id-e361c38b14034cb4a03d7378864bf6be","id-9c47bf671eb84440969d6330e957fa50",""
"id-3fc6ed87f10241e797bc5931a20dd194","CompositionRelationship","","","id-60c63384392e4b34b32e80255882dff9","id-a603e6ad55a8440c809ea1e967a8f13b",""
"id-2aafdfd09c28441996aecd3dffc8b6db","CompositionRelationship","","","id-8449e9074dcc44e2b97c8d602f2dc273","id-e29ea5c6c34c4c4594d30c7d6ea0a470",""
"id-4420c16876d24a478a6936ff4143bef6","CompositionRelationship","","","id-9a39d3188be54778a781a8ed15f70253","id-8593a39dcfbe463eb4c8aae5093bcd50",""
"id-58c77eefc373464eb9998dcc442d7818","CompositionRelationship","","","id-6a9889a99f0a465a951db3a4dabb04cb","id-0cedc438075c49f1ae5cdb4771d5e40b",""
"id-f11f080526564e118ec933c28167cafb","CompositionRelationship","","","id-7f21e8694d9447789c7d9f1691e35d43","id-d813c9bd8df249a6890e6398678933a9",""
"id-776c6693ccba48e4bfb0ee1e64114bfc","CompositionRelationship","","","id-5f7b4e1b2a314eab869f53d92649a072","id-352d51d150ff457a9a38f1d73acc08a3",""
"id-1683a7fca103495bb688917a59f894b9","CompositionRelationship","","","id-8449e9074dcc44e2b97c8d602f2dc273","id-3ff3bf7de3eb476c8a388af5c4a4acbb",""
"id-f445c2a1a38a41deb09fcd85828ad8c6","CompositionRelationship","","","id-273555cd3fd54f03b1e41868aaf8038b","id-3bd2c7355e9c4cb99280434118f802c0",""
"id-49024c9627da485ea07a82160e32f703","CompositionRelationship","","","id-e781a6c746a54caea488cc854278cb86","id-9a39d3188be54778a781a8ed15f70253",""
"id-61fcbeb505d044078d49b406a3b5b3d7","CompositionRelationship","","","id-60c63384392e4b34b32e80255882dff9","id-ecbfdc07595e440ea14e7a22e8a5fd2e",""
"id-b8a728ed86f242a49138e4df0afabaf6","CompositionRelationship","","","id-f3b8a8e02e3e4d259845b678c399fa27","id-60c63384392e4b34b32e80255882dff9",""
"id-b05713a917b242459182187b06a1619d","CompositionRelationship","","","id-382b11b7d8d546c9bf8eb22da4d12808","id-d6c554866a634b4f95630701f35a931a",""
"id-b10c0b870f5a4a86810b42ac1e76b7f9","CompositionRelationship","","","id-e2e3bd37f1c94f92a24a96364ba0e3bb","id-026c5eb4690d449ba672256fdf74fa48",""
"id-34875cade7514e159d5e822a124690fc","CompositionRelationship","","","id-6e62d25fb6024f08899ef2277727c577","id-31fe31dc2f194692834381d5daaf7c9a",""
"id-818c888aa5544e3bad5c337d09531f6c","CompositionRelationship","","","id-b14b5061efbf4c668592164cd4701288","id-2fac2a4a728346e7a5e5abeb31d69364",""
"id-ba8d5aaabcfb4063b8733cc3e594c48a","CompositionRelationship","","","id-0d1d419e56824169898ca8cbd9e9fa6a","id-6e62d25fb6024f08899ef2277727c577",""
"id-13f1e629446840778f6be9607ec6d323","CompositionRelationship","","","id-382b11b7d8d546c9bf8eb22da4d12808","id-dfdd74d1ea4e427293b3a0f91a25ec64",""
"id-5e647d285b304c97a84a5bb7e8122ba7","CompositionRelationship","","","id-11de28e3ed4b4742af8d381b0e7072c1","id-109f53b9df184ca49019553bc74fb1ab",""
"id-31b7058f44e043e1a9bcd121a6c2701b","CompositionRelationship","","","id-ef0df9bf75d94dcab3bed5303b4361b9","id-c8ee4e676ed746be9df0ca6997190dfa",""
"id-8a6c9bd63f0f466da62bf4be104f16c2","CompositionRelationship","","","id-f4f21951fced4828b5edae4106b0718a","id-a978021dd1914b6ea4f94fad81e5b392",""
"id-86f8ae77653b4ce7a7fc63a838d94c7c","CompositionRelationship","","","id-371f5b966910416c8a2a6f1279b7be34","id-ef0df9bf75d94dcab3bed5303b4361b9",""
"id-fa5d105f5f594fa191a1e4337ac7583e","CompositionRelationship","","","id-5f7b4e1b2a314eab869f53d92649a072","id-018c2a91516c448ebd43aa53add04b1d",""
"id-21913edf96484357b3449183c951658a","CompositionRelationship","","","id-e781a6c746a54caea488cc854278cb86","id-18bb30150ceb4938bf48e713e7b2f56d",""
"id-b7fabc71813a4b1fa48d6acd7dae5033","CompositionRelationship","","","id-43f02b66008544b3ac6250e3fcdb4608","id-622a90b1a9384b7abe96ae1438cf677b",""
"id-3dc0500d81034ca7bc29ca139026248a","CompositionRelationship","","","id-b14b5061efbf4c668592164cd4701288","id-2779ec81376d4b5f97f03dc958cadb1e",""
"id-e5ff7a61af114beaae02063c8fe36018","CompositionRelationship","","","id-b14b5061efbf4c668592164cd4701288","id-60c0580c6227424eb397d51843b3d983",""
"id-f4c8952ae8c749dbad79153072d2dd7d","CompositionRelationship","","","id-4839c070d92d432297e0d162b4a7ab39","id-91388971548f455bb3dd9e191c5e3248",""
"id-9c75faa0e96b411b977301ee5f177692","CompositionRelationship","","","id-dfdd74d1ea4e427293b3a0f91a25ec64","id-0d1cddf61559490da2bf829c867a8d25",""
"id-54912d4591df4326afd8c7ea669eb4a3","CompositionRelationship","","","id-43f02b66008544b3ac6250e3fcdb4608","id-fabf263001f347bc8b7ee403aa8e8882",""
"id-80fce8565ad64f66b6eb791d9b34e8e6","CompositionRelationship","","","id-6a9889a99f0a465a951db3a4dabb04cb","id-3e0d6db1da5e44a59fd0b5bcb3acae2d",""
"id-a2f75d60d94f4836a8772fb423385bbe","CompositionRelationship","","","id-371f5b966910416c8a2a6f1279b7be34","id-f4f21951fced4828b5edae4106b0718a",""
"id-15cc75d7050d4c19b799d95b87f9d3f9","CompositionRelationship","","","id-e781a6c746a54caea488cc854278cb86","id-ca26f5f1d38746db97f05f2d725e03f4",""
"id-a96ee2216a024d9f8c5198248ded8134","CompositionRelationship","","","id-b14b5061efbf4c668592164cd4701288","id-88fa7707e6bc4bba9c9a6659b88c4c64",""
"id-9c9a162049f143c09ec733d4fbdf9ca2","CompositionRelationship","","","id-9a39d3188be54778a781a8ed15f70253","id-d285ecf39fc743f0b83198516539941a",""
"id-687602450d5f4ad2b883d67584536ecd","CompositionRelationship","","","id-6e62d25fb6024f08899ef2277727c577","id-7b7bbf3a175b46cfaf0fb5fde0375c40",""
"id-2fed4922441846f28b1e1ef2306d4c93","CompositionRelationship","","","id-5f7b4e1b2a314eab869f53d92649a072","id-f52740e96c534c318020ea912304b074",""
"id-783f63b1403c470b9bc0edea16ff6042","CompositionRelationship","","","id-43f02b66008544b3ac6250e3fcdb4608","id-cfdbae2759b343a39957116133ad9b65",""
"id-b3d32ebbeb3648fd9c2138c46d1eac0d","CompositionRelationship","","","id-c93cacbf865f41949a37064d62e5fbb1","id-68fc7f28bab4477f83e0ea69d2e0d083",""
"id-2e83392481b341ab830e665c8560b0c1","CompositionRelationship","","","id-382b11b7d8d546c9bf8eb22da4d12808","id-b2681c714ee8426485e005ed76222cf4",""
"id-cf20249811834445a36d596fcd85d555","CompositionRelationship","","","id-ef0df9bf75d94dcab3bed5303b4361b9","id-82ed28c14a8c4a07993f512bb429f722",""
"id-128b9061efd548159b17fe504f3d883e","CompositionRelationship","","","id-ef0df9bf75d94dcab3bed5303b4361b9","id-594d86fff4a04cca8216057f4796c9ed",""
"id-16a396748d0c493e9a06e8607be5c87a","CompositionRelationship","","","id-f4f21951fced4828b5edae4106b0718a","id-937a709069c4469fa7c4cb7a7c3f7eff",""
"id-ff9745fd52714e49b9a40bb7c8d74f11","CompositionRelationship","","","id-e2e3bd37f1c94f92a24a96364ba0e3bb","id-0666b6535dd04bd19a3368762023fd31",""
"id-2007c9e951d442bb855bf1ecc10f8f06","CompositionRelationship","","","id-0d1d419e56824169898ca8cbd9e9fa6a","id-714b2a1542d74384b6872e82d608da2d",""
"id-d0b91b37e38645ca85fd45f93ffa324e","CompositionRelationship","","","id-ef0df9bf75d94dcab3bed5303b4361b9","id-607a64e1c2774e7d8367fb0aa2fb4d1e",""
"id-996844ad355240b78537c69446c8ca4d","CompositionRelationship","","","id-0d1d419e56824169898ca8cbd9e9fa6a","id-dcbd87e3fc81499995e688e175e2ea5a",""
"id-3b5b6f3a09304df88d9ee84ffe43e85a","CompositionRelationship","","","id-0d1d419e56824169898ca8cbd9e9fa6a","id-39ed85555eaa41baae9ed655b1387c59",""
"id-c6a6e55c8e0749289bb1a3dd9c49181a","CompositionRelationship","","","id-b14b5061efbf4c668592164cd4701288","id-8593a39dcfbe463eb4c8aae5093bcd50",""
"id-29e1ced7c2fb41eaab4af3ac5e26f82a","CompositionRelationship","","","id-b14b5061efbf4c668592164cd4701288","id-e67560f9e0874b0195e36657cca8a4d8",""
"id-428f27946feb4c419f0993f985b8f8fd","CompositionRelationship","","","id-ef0df9bf75d94dcab3bed5303b4361b9","id-c87fe99723d4483f9865c87b10d0ef1a",""
"id-68cd9507c4134f1e8a695bf15f9110f9","CompositionRelationship","","","id-bf08418d3e0c41049222f8801215d7a5","id-3fe7012b28a64522885ad34d16b38e9e",""
"id-0b4a8e7945514d49b354659422ac4594","CompositionRelationship","","","id-5f7b4e1b2a314eab869f53d92649a072","id-1dc15be77722459d934d91aa7ed6b573",""
"id-8ce2060cacba4457b22d34c0e66bebb7","CompositionRelationship","","","id-8449e9074dcc44e2b97c8d602f2dc273","id-7caf430833f94e47baf78c54f05b5a7d",""
"id-7e6a32672c91456da5b22d27bc91ec86","CompositionRelationship","","","id-6e62d25fb6024f08899ef2277727c577","id-3d5c8126ed5e4a869a247e4345f7ad79",""
"id-50144c5f171c43abb3035b691fefa872","CompositionRelationship","","","id-9a39d3188be54778a781a8ed15f70253","id-eeb45c4bb12a41d9a9dda619010d9a7f",""
"id-4ecf59c6ecd14f748308187aef87ca3b","CompositionRelationship","","","id-6154fc708d304c598d2ffa53a05c04b8","id-1673fa01d20040009a20d9985bd883cc",""
"id-eeffea0490b84088b24f46b257160510","CompositionRelationship","","","id-382b11b7d8d546c9bf8eb22da4d12808","id-e781a6c746a54caea488cc854278cb86",""
"id-7fbd71d1294e41009a7f13934985c170","CompositionRelationship","","","id-0d1d419e56824169898ca8cbd9e9fa6a","id-d70d0088dfec45e791c03b10cc075cfb",""
"id-0f9df52dcdce423ea823344d66a985af","CompositionRelationship","","","id-f3b8a8e02e3e4d259845b678c399fa27","id-c9a11b59f8cc49ae8fc793204a04aece",""
"id-2839cc3b65684cd39da684b06d7e7e91","CompositionRelationship","","","id-382b11b7d8d546c9bf8eb22da4d12808","id-d6b7c93b174349fb8e582d60d2fed089",""
"id-c1e1f9383ae046edac7bc7370221caa1","CompositionRelationship","","","id-11de28e3ed4b4742af8d381b0e7072c1","id-bfc3c6e9fc554958a0c2e28e56c7198c",""
"id-d12e8d6ccbaf441bb69bc9de503c7877","CompositionRelationship","","","id-e781a6c746a54caea488cc854278cb86","id-ca89a011d6d44191921e3035a9b99d9f",""
"id-54cbfd50fae047ffb56e7aaa51dce2e8","CompositionRelationship","","","id-dfdd74d1ea4e427293b3a0f91a25ec64","id-ef47e07c507a48d3bd3bb77d0df4d04e",""
"id-b4f699d7b3894126ab80a017e9b0b380","CompositionRelationship","","","id-b14b5061efbf4c668592164cd4701288","id-49a42c9610314fa0ba996ac403b9d66e",""
"id-38899a122c0a4f0db8a982934dfb5e79","CompositionRelationship","","","id-8614077189064d3288d7ad1c16638a44","id-f32b97627eb445d08c375dd18905fc96",""
"id-8642d9607da746bbaee8f360c0e83040","CompositionRelationship","","","id-dfdd74d1ea4e427293b3a0f91a25ec64","id-a2e560a54d95435fb7cee609c2ab5be4",""
"id-9c3156939f1c4fefb913f7f68b57a597","CompositionRelationship","","","id-9a39d3188be54778a781a8ed15f70253","id-e4a927f0c82b4e09828df3f009d25d59",""
"id-06b48187613a403fa48eab5c22eb5733","CompositionRelationship","","","id-9a39d3188be54778a781a8ed15f70253","id-5923835d61754ee8b8bdfc601fca229b",""
"id-8cf80e1750b34ea1942bcc5b9c835476","CompositionRelationship","","","id-c9a11b59f8cc49ae8fc793204a04aece","id-2d1ad67f7a0d4a51b1f57ce02f6442ff",""
"id-456ec8e17f674e7ea81ca0712d7ba4af","CompositionRelationship","","","id-7f21e8694d9447789c7d9f1691e35d43","id-ca8ec5464dbb408d897ca621c79c40b0",""
"id-3e61f76338e94491b012d6aadc1f3c47","CompositionRelationship","","","id-ad548d0fe72f4c7f8766cd8e754ce008","id-e906de5ff75848b3abb0ff2217cdffea",""
"id-8416019a1ac94974b54f842ba962b3f9","CompositionRelationship","","","id-4839c070d92d432297e0d162b4a7ab39","id-026c5eb4690d449ba672256fdf74fa48",""
"id-0e45e95035804af1837f2a78387b7c1f","CompositionRelationship","","","id-9a39d3188be54778a781a8ed15f70253","id-c93cacbf865f41949a37064d62e5fbb1",""
"id-797101a6f3f64b89ac39876029645953","CompositionRelationship","","","id-382b11b7d8d546c9bf8eb22da4d12808","id-0d1cddf61559490da2bf829c867a8d25",""
"id-745979f9ad0644b0b6d0efd8a38811d9","CompositionRelationship","","","id-ad548d0fe72f4c7f8766cd8e754ce008","id-f2b30f99ea0d4d2ab51699242871845d",""
"id-7cb221cff0474961ab30499dc69ce533","CompositionRelationship","","","id-9a39d3188be54778a781a8ed15f70253","id-87c14457d9344b0dba1674b0a3aed0fe",""
"id-e02990a2fd32449cbba35a3888e71dbb","CompositionRelationship","","","id-d6c554866a634b4f95630701f35a931a","id-14241a891ccc4ad3af19cafb3437a9ef",""
"id-405937da510e441d80148aea0597f59c","CompositionRelationship","","","id-b14b5061efbf4c668592164cd4701288","id-b7af6d7507e54cd38b388608b154b89b",""
"id-a5e67ac230834e388cae3a3958c10609","CompositionRelationship","","","id-d6c554866a634b4f95630701f35a931a","id-68713762d8d347fcb20aabe8fee860af",""
"id-b6b66fc276d34357890f0eaf01643749","CompositionRelationship","","","id-d6c554866a634b4f95630701f35a931a","id-f3e9121bf2ab42fd9536f4ccb294a279",""
"id-56639c2fde16467380199bc7f2962e63","CompositionRelationship","","","id-e67560f9e0874b0195e36657cca8a4d8","id-60c0580c6227424eb397d51843b3d983",""
"id-0c8cd2dbee4646ab9a9f9ffdcc1ff791","CompositionRelationship","","","id-b14b5061efbf4c668592164cd4701288","id-b0f86f4a002f4f0baf61d02e758acad9",""
"id-f044c558559a4eec950ee7af5ced6096","CompositionRelationship","","","id-c93cacbf865f41949a37064d62e5fbb1","id-fe785d2d74a34fc8aa8c742ba8b9d1a0",""
"id-b3845a83db4449c6be9f9848a28b6891","CompositionRelationship","","","id-109f53b9df184ca49019553bc74fb1ab","id-50bb9b179745438899a2b450e22f0719",""
"id-b7ee4c9a6f9942b887e22de631b6cdbf","CompositionRelationship","","","id-ef0df9bf75d94dcab3bed5303b4361b9","id-57d71b67754241268cad3f46ab107c67",""
"id-f33881c33812487abf853cf070b56ae7","CompositionRelationship","","","id-e2e3bd37f1c94f92a24a96364ba0e3bb","id-91388971548f455bb3dd9e191c5e3248",""
"id-05b61d658cb540a99ea59e819d3cba51","CompositionRelationship","","","id-ef0df9bf75d94dcab3bed5303b4361b9","id-db1346c6d9b04c7f8b7f675663579471",""
"id-48b97c12a76648efbca4c118ee9edba6","CompositionRelationship","","","id-5f7b4e1b2a314eab869f53d92649a072","id-f68f58c0b8df4ea7a1790bea59487cb9",""
"id-54d6becea4b148879ec4cf842704ffb0","CompositionRelationship","","","id-b14b5061efbf4c668592164cd4701288","id-e194addcd6ed4bac8f5411823de676d6",""
"id-6ab92154b53a45de8a49ccf3b98bc39c","CompositionRelationship","","","id-e781a6c746a54caea488cc854278cb86","id-9cf545de5bfe4819a86c6aceaabe2951",""
"id-15eebd7b3fa9453e99f2e3d18b05bb05","CompositionRelationship","","","id-ef0df9bf75d94dcab3bed5303b4361b9","id-4c5c92c340a14d97a7604c436f867fd8",""
"id-3d77055e74c7441f8bd6cb6063f31596","CompositionRelationship","","","id-ef0df9bf75d94dcab3bed5303b4361b9","id-24e1bc1904bf4223b612efce8c5e4741",""
"id-f6da7f0bf96d4efead6e3a1cac3b1ee4","CompositionRelationship","","","id-ad548d0fe72f4c7f8766cd8e754ce008","id-f3e9121bf2ab42fd9536f4ccb294a279",""
"id-99c120d58a7a4283bd1aa353e561c771","CompositionRelationship","","","id-c9a11b59f8cc49ae8fc793204a04aece","id-34a21f7e09834ba189d1d7227580c5dc",""
"id-926e87abeece41d7b2bbf1bdf1f632f4","CompositionRelationship","","","id-b14b5061efbf4c668592164cd4701288","id-d6b7c93b174349fb8e582d60d2fed089",""
"id-55d9e189e2b94602a6de91270d1ecb2a","CompositionRelationship","","","id-a34b7352238e433ebfd7d141d2ed3e35","id-915dd4979db44944a2bc0efcb46ee84e",""
"id-5cc515a0d193486d978a9329268b6d08","CompositionRelationship","","","id-dfdd74d1ea4e427293b3a0f91a25ec64","id-29b1c37f61f94d2dbaa98dc68a6dece2",""
"id-635b35c1d306453198a1c37e238b72a9","CompositionRelationship","","","id-bf08418d3e0c41049222f8801215d7a5","id-3b37e6acf19b486e8a82a3249f878231",""
"id-99bff088c444491c8be79b54ee5383b2","CompositionRelationship","","","id-0d1d419e56824169898ca8cbd9e9fa6a","id-b6784cd8c4a246719479ce4d1465b630",""
"id-cb1aab4d8e484e82be8e65eabd4282e6","CompositionRelationship","","","id-ef0df9bf75d94dcab3bed5303b4361b9","id-449ace69e9f14a6dbd52924ddfd37c44",""
"id-12431c21bb2d4a41a25abd55931d4d13","CompositionRelationship","","","id-0d1d419e56824169898ca8cbd9e9fa6a","id-8b3868b76c5b482397573406af8a8862",""
"id-d73a95ebf84b45f79a5e9303636036a7","CompositionRelationship","","","id-d6c554866a634b4f95630701f35a931a","id-ad548d0fe72f4c7f8766cd8e754ce008",""
"id-977e80562cf14a048f36bf111dea6a62","CompositionRelationship","","","id-b14b5061efbf4c668592164cd4701288","id-20449b93497848efaf243c6046c8c870",""
"id-17f105bf286444daad209bb9a7f8e5e8","CompositionRelationship","","","id-ad548d0fe72f4c7f8766cd8e754ce008","id-5ca4f7a69bcd42238e141705e5b91772",""
"id-d0c6feb4ff284be4a3a8af1ee1e3f99d","CompositionRelationship","","","id-ef0df9bf75d94dcab3bed5303b4361b9","id-603b3231a1b141e29b8959a5794b1be4",""
"id-8cef5c877e374a0fa59c4f5e9d282eaa","CompositionRelationship","","","id-11de28e3ed4b4742af8d381b0e7072c1","id-ff996410103a4200bfaadc60a4f14fe2",""
"id-f6af0d42fc6749ed91a4d534f0a7adc8","CompositionRelationship","","","id-ef0df9bf75d94dcab3bed5303b4361b9","id-eb83cb1e16a24a20a60f18987a267e77",""
"id-d6365daf56094c93aba2426c06b9b6cf","CompositionRelationship","","","id-9a39d3188be54778a781a8ed15f70253","id-ca26f5f1d38746db97f05f2d725e03f4",""
"id-b4e655e17cf54e05b4210d4048c7a033","CompositionRelationship","","","id-e361c38b14034cb4a03d7378864bf6be","id-64e4b2689bd1458e94dbd4d2a1a6cc4d",""
"id-d4c7d25ca40b4e388706c37522a9dc43","CompositionRelationship","","","id-382b11b7d8d546c9bf8eb22da4d12808","id-c93cacbf865f41949a37064d62e5fbb1",""
"id-e5acd12149024896b449cc26ab9f006c","CompositionRelationship","","","id-c93cacbf865f41949a37064d62e5fbb1","id-ff982b27c376480987fffd219dec06b1",""
"id-fd3f768798944a8a891b7af383b1af84","CompositionRelationship","","","id-c93cacbf865f41949a37064d62e5fbb1","id-5923835d61754ee8b8bdfc601fca229b",""
"id-193d96dfbdb2452e877d5e8db1c3fd38","CompositionRelationship","","","id-c93cacbf865f41949a37064d62e5fbb1","id-1d40e44146e94df995f9e2b15aa19a3b",""
"id-826d65859ee349f0962f5c0918f993d5","CompositionRelationship","","","id-f4f21951fced4828b5edae4106b0718a","id-dad343a48d9c4823a11820a4555fabf1",""
"id-a0264d7f07c24a6bbfb00e816034bb08","CompositionRelationship","","","id-ae9db20cd1eb4095bc6d25b65665f4e2","id-4653489684474149aaa47428f978af34",""
"id-7510618cdfed4ddb9795e4629c67d634","CompositionRelationship","","","id-e781a6c746a54caea488cc854278cb86","id-5d556ffc08794197b8f0ffd211593b91",""
"id-7fb4bfc5f18243128f211a31fb1372aa","CompositionRelationship","","","id-382b11b7d8d546c9bf8eb22da4d12808","id-68713762d8d347fcb20aabe8fee860af",""
"id-e7ce027b810246c6b06b7f38c61a16db","CompositionRelationship","","","id-371f5b966910416c8a2a6f1279b7be34","id-0d1d419e56824169898ca8cbd9e9fa6a",""
"id-b5ec13495713481585e718e1b434daf5","CompositionRelationship","","","id-382b11b7d8d546c9bf8eb22da4d12808","id-ef47e07c507a48d3bd3bb77d0df4d04e",""
"id-76cacb74f3064affbfb61eae828eba63","CompositionRelationship","","","id-dfdd74d1ea4e427293b3a0f91a25ec64","id-79cf5bb7ab1f4bf6a87b62076dfbde5d",""
"id-f49ef55a28954b82a36f68fe1b1d67a1","CompositionRelationship","","","id-e361c38b14034cb4a03d7378864bf6be","id-e8fcd9b24c0444309a13a54eace66d26",""
"id-9eb2df62a4c24459bc9fdfc7286582f6","CompositionRelationship","","","id-d6c554866a634b4f95630701f35a931a","id-e906de5ff75848b3abb0ff2217cdffea",""
"id-548dfc74c98a452083d16226ec8bb0da","CompositionRelationship","","","id-371f5b966910416c8a2a6f1279b7be34","id-5f7b4e1b2a314eab869f53d92649a072",""
"id-20489d6e5af94438bd2aa58213e1a249","CompositionRelationship","","","id-c93cacbf865f41949a37064d62e5fbb1","id-782b35f31520404a96c1d76b984b76b2",""
"id-8130d3ebf03d4d1db6023afd3e1a6be8","CompositionRelationship","","","id-6154fc708d304c598d2ffa53a05c04b8","id-1d1d9b177a844032b47ac8dc1f23004b",""
"id-40121f04816f49d5a6f4cdce6d9fd551","CompositionRelationship","","","id-f4f21951fced4828b5edae4106b0718a","id-7201025cdab1400e9c3633215d83ee83",""
"id-814d739b9f44454d8007a7367539b01d","CompositionRelationship","","","id-273555cd3fd54f03b1e41868aaf8038b","id-0c03d93902ee4304aa394170cecb0682",""
"id-874c0e0341154360bad78933a9907a63","CompositionRelationship","","","id-e781a6c746a54caea488cc854278cb86","id-f3e9121bf2ab42fd9536f4ccb294a279",""
"id-18d9a01682134664b54522fc6fb7a182","CompositionRelationship","","","id-4839c070d92d432297e0d162b4a7ab39","id-0c03d93902ee4304aa394170cecb0682",""
"id-38d2014fcf9440d28e2678b6baa64a94","CompositionRelationship","","","id-b14b5061efbf4c668592164cd4701288","id-fd7e03b70020448a901ddb0e9ff56e57",""
"id-698b15e8da884f0d9891c8b4910cd8d8","CompositionRelationship","","","id-43f02b66008544b3ac6250e3fcdb4608","id-6890fd62f34b4ee9b5668e9127d3eccb",""
"id-86457a4c097941328164a20390f499cc","CompositionRelationship","","","id-6e62d25fb6024f08899ef2277727c577","id-21ac772d51324ad8b471fa3ad79b30b4",""
"id-5cfa48001b824f2eb3fdf210fdd752d6","CompositionRelationship","","","id-e2e3bd37f1c94f92a24a96364ba0e3bb","id-bfc3c6e9fc554958a0c2e28e56c7198c",""
"id-82158bb5bf8a43caaa6f7fa35932bf91","CompositionRelationship","","","id-6e62d25fb6024f08899ef2277727c577","id-8449e9074dcc44e2b97c8d602f2dc273",""
"id-3ac8cc4653904171b8aef3f174c58f1e","CompositionRelationship","","","id-b14b5061efbf4c668592164cd4701288","id-349dacdcc8fc488db89de82a667b5016",""
"id-011b50370c7a4bf79d47cac4852fdaa5","CompositionRelationship","","","id-ae9db20cd1eb4095bc6d25b65665f4e2","id-5f607401a8d94a2c8c34b03494e2b8c0",""
"id-6025d651cbe6432b84523a645794cec5","CompositionRelationship","","","id-43f02b66008544b3ac6250e3fcdb4608","id-4520c07223f8499195f0f8e76de51132",""
"id-5173911be4da4cec9b25c164a5360219","CompositionRelationship","","","id-6a9889a99f0a465a951db3a4dabb04cb","id-abe24cf55eb84fad89a42d741c539391",""
"id-e0a9b30ffd4f49fe8b26161bf3bd3ab6","CompositionRelationship","","","id-e2e3bd37f1c94f92a24a96364ba0e3bb","id-273555cd3fd54f03b1e41868aaf8038b",""
"id-e8bf160fb5024dcb869d7e8179af8529","CompositionRelationship","","","id-5f7b4e1b2a314eab869f53d92649a072","id-6106f4a22ef04f05940a12bd0362f9cb",""
"id-675f30a414cc4deea951fc8715c72d64","CompositionRelationship","","","id-43f02b66008544b3ac6250e3fcdb4608","id-68713762d8d347fcb20aabe8fee860af",""
"id-ce8ef6b7b86d471b8c6eb67247118f03","CompositionRelationship","","","id-43f02b66008544b3ac6250e3fcdb4608","id-3c6e8e1321a64c2fb3b5470a5c4078b0",""
"id-0a643f7c8a9845b2a16b8e0990a0b1f6","CompositionRelationship","","","id-43f02b66008544b3ac6250e3fcdb4608","id-ca26f5f1d38746db97f05f2d725e03f4",""
"id-e34763b26fb445c0baad907457e02eb2","CompositionRelationship","","","id-e781a6c746a54caea488cc854278cb86","id-0d1cddf61559490da2bf829c867a8d25",""
"id-b1b7444721d3424fb5c02ec6ef2866e1","CompositionRelationship","","","id-f3b8a8e02e3e4d259845b678c399fa27","id-a34b7352238e433ebfd7d141d2ed3e35",""
"id-5cfe9566a6c44212be90e07f3f64eee3","CompositionRelationship","","","id-ae9db20cd1eb4095bc6d25b65665f4e2","id-98e6839682af4d81a0c488181dc5f709",""
"id-8fe68282ec0141a089fed9278b456bcb","CompositionRelationship","","","id-b14b5061efbf4c668592164cd4701288","id-79cf5bb7ab1f4bf6a87b62076dfbde5d",""
"id-9d3dc9d79766489690ef374752eae585","CompositionRelationship","","","id-ae9db20cd1eb4095bc6d25b65665f4e2","id-9a6ecd006a9741a3b9c8ff9a4cce7db6",""
"id-844e94cd05b84f578ba61ec0023e67b7","CompositionRelationship","","","id-8449e9074dcc44e2b97c8d602f2dc273","id-76e1870bcb0b426e9ce55b78516a995c",""
"id-e34469b49e9f4b98aa3e80f8d809464a","CompositionRelationship","","","id-43f02b66008544b3ac6250e3fcdb4608","id-dfdd74d1ea4e427293b3a0f91a25ec64",""
"id-5b7413714b54419fbe28c25352cfa983","CompositionRelationship","","","id-ef0df9bf75d94dcab3bed5303b4361b9","id-e302d3138b594b169331ee0a60ce149c",""
"id-748f8216a84b401e881f7ab538e6bcb6","CompositionRelationship","","","id-ae9db20cd1eb4095bc6d25b65665f4e2","id-0823d941e44245339bf5723f546ba0eb",""
"id-9b972ff6781448c285845223ba14df97","CompositionRelationship","","","id-b14b5061efbf4c668592164cd4701288","id-0d1cddf61559490da2bf829c867a8d25",""
"id-fabc13ad97d84aaea88468755b63b102","CompositionRelationship","","","id-371f5b966910416c8a2a6f1279b7be34","id-ae9db20cd1eb4095bc6d25b65665f4e2",""
"id-612ecec814b8458092d9784242bf64f9","CompositionRelationship","","","id-382b11b7d8d546c9bf8eb22da4d12808","id-9a39d3188be54778a781a8ed15f70253",""
"id-9255598d913c4f8d8c02dcc5c81c61e5","CompositionRelationship","","","id-0d1d419e56824169898ca8cbd9e9fa6a","id-51357ff8e4544e50bf3c724dd75e0acb",""
"id-692c459bed11450ea0482fde0082802a","CompositionRelationship","","","id-11de28e3ed4b4742af8d381b0e7072c1","id-f203efbf44b14db8bde80c93a9e16978",""
"id-022b0ef7240a42a0827abb8d57fbe67d","CompositionRelationship","","","id-bf08418d3e0c41049222f8801215d7a5","id-712ac63d0d384d41aca7e118d1ef40e3",""
"id-17377e918e1342b6b1d7d6c7d50e3cf1","CompositionRelationship","","","id-d6c554866a634b4f95630701f35a931a","id-ef47e07c507a48d3bd3bb77d0df4d04e",""
"id-bb096163f8f24f1082f5cf9770fba1a9","CompositionRelationship","","","id-60c63384392e4b34b32e80255882dff9","id-9aa10889239c4757902fcca68e6d9a89",""
"id-cf97baf146cc457f914027bc54214330","CompositionRelationship","","","id-382b11b7d8d546c9bf8eb22da4d12808","id-43f02b66008544b3ac6250e3fcdb4608",""
"id-cc46c3d5ca43495ca54dee9f4715e2e2","CompositionRelationship","","","id-ae9db20cd1eb4095bc6d25b65665f4e2","id-787d42b9370445e5b2caf5b85a5e8337",""
"id-8f90a11de2a74097bf041b2364773532","CompositionRelationship","","","id-43f02b66008544b3ac6250e3fcdb4608","id-27a9768187094d538d3f6947ce493e26",""
"id-1fbdcfabacf3402c81dde12b34b99974","CompositionRelationship","","","id-e361c38b14034cb4a03d7378864bf6be","id-7153e8650e444bc0904025a9bcd52d10",""
"id-a88c1feeba9a4ff9bcff26b3ae582b8c","CompositionRelationship","","","id-b14b5061efbf4c668592164cd4701288","id-2e902bfd749d4fb18dd4d027ee67d7c5",""
"id-638ad44d0fd94b8786c92da0866e1c53","CompositionRelationship","","","id-0252e12979eb4c4abd733a4057f995c1","id-7f21e8694d9447789c7d9f1691e35d43",""
"id-22c93670980744e6b783900baed6c044","CompositionRelationship","","","id-a34b7352238e433ebfd7d141d2ed3e35","id-0ab8bb7bb4104a7bbb7f1d04f8b1f5be",""
"id-c51af05dce144c7a92137da007d7cd4d","CompositionRelationship","","","id-e781a6c746a54caea488cc854278cb86","id-a74a08ca7ea7453d85a97aa0c5fe3837",""
"id-1fb02d94691447919c862b40459176b1","CompositionRelationship","","","id-d6c554866a634b4f95630701f35a931a","id-a74a08ca7ea7453d85a97aa0c5fe3837",""
"id-590bdb9f096a4366b595b68cb30d3cac","CompositionRelationship","","","id-382b11b7d8d546c9bf8eb22da4d12808","id-14241a891ccc4ad3af19cafb3437a9ef",""
"id-0760b6b0180d4ed3869e73cc20f148e8","CompositionRelationship","","","id-5f7b4e1b2a314eab869f53d92649a072","id-9c8571ae50904d9fa54e64513ea2fac8",""
"id-40cab7b2136746a9abe420fe5d4b1094","CompositionRelationship","","","id-4839c070d92d432297e0d162b4a7ab39","id-402eceeac86c4876b7ba8514edd130dd",""
"id-81cc1d5f18364998872af0f89023ad83","CompositionRelationship","","","id-c939c8998d2c4b538a3bfad7feadb7ba","id-f32b97627eb445d08c375dd18905fc96",""
"id-f92cb20d7c32447e887142f9fb1a07bd","CompositionRelationship","","","id-dfdd74d1ea4e427293b3a0f91a25ec64","id-c7c229b3f9604a7c90a1bbdacb966584",""
"id-1e798226f31746a79e561c0ba444e6bb","CompositionRelationship","","","id-bf08418d3e0c41049222f8801215d7a5","id-7397d468624c4601a4c78b20be01f5b0",""
"id-74c2d5b02fa5447bbd884550d5544d26","CompositionRelationship","","","id-b14b5061efbf4c668592164cd4701288","id-a3de48cda33343bdb4cf68db01d819df",""
"id-0086ab13c7a24878ae59d10ac9687ecc","CompositionRelationship","","","id-c9a11b59f8cc49ae8fc793204a04aece","id-36d14e362ca94cb08ce2d07fabe0c03f",""
"id-52457efc67154b93bf0589ef108e3f11","CompositionRelationship","","","id-6e62d25fb6024f08899ef2277727c577","id-49f5ba9c2b0a408f888737c6bd4ea4bc",""
"id-f93966921a2f48a3956569fc83797b1a","CompositionRelationship","","","id-43f02b66008544b3ac6250e3fcdb4608","id-ef47e07c507a48d3bd3bb77d0df4d04e",""
"id-acb4179e81e743f7a195bdcceb080410","CompositionRelationship","","","id-b14b5061efbf4c668592164cd4701288","id-3578c5ac86f04bd4b73d0997f59f6209",""
"id-196c03ada34243f6a23d49468131b642","CompositionRelationship","","","id-5f7b4e1b2a314eab869f53d92649a072","id-c3cb85eb2ec34e1c90ca74a2b74fb70a",""
"id-0f77c7ce66e7458ebf6a28172f2791e1","CompositionRelationship","","","id-7f21e8694d9447789c7d9f1691e35d43","id-fb72334b1cbb4f26a4346f83cf9e871c",""
"id-06f18665dc6e4768a760b33d1e6c9af8","CompositionRelationship","","","id-e781a6c746a54caea488cc854278cb86","id-8593a39dcfbe463eb4c8aae5093bcd50",""
"id-5dee3cd211ee444ca50b296d5896cced","CompositionRelationship","","","id-ef0df9bf75d94dcab3bed5303b4361b9","id-26641739d4184808934679a10b63ff6c",""
"id-5d59f3f5e7e64fd9a36234cfe392f49f","CompositionRelationship","","","id-ef0df9bf75d94dcab3bed5303b4361b9","id-7f174fbe918241f58056d16d43e3b939",""
"id-abe09e4eada64f089cd5222b99693f5e","CompositionRelationship","","","id-0252e12979eb4c4abd733a4057f995c1","id-308d225dd69d4b2e898b3a2ba28472bb",""
"id-0c4747a1ff794b12ba21a9227426098a","CompositionRelationship","","","id-f3b8a8e02e3e4d259845b678c399fa27","id-6154fc708d304c598d2ffa53a05c04b8",""
"id-76ab9cfa22154708baad2891600cd45a","CompositionRelationship","","","id-ef0df9bf75d94dcab3bed5303b4361b9","id-e87dc43e3cc44344a4217384ec89498d",""
"id-bded7a3d6b2e4eca904769d198cd2193","CompositionRelationship","","","id-6154fc708d304c598d2ffa53a05c04b8","id-4a9a49b10a9a4d60ad1e12891c4ea13b",""
"id-56d7655b0b854ca2ba7d70ce68b0117a","CompositionRelationship","","","id-9a39d3188be54778a781a8ed15f70253","id-a74a08ca7ea7453d85a97aa0c5fe3837",""
"id-88c82cf7482a4265a94b88fa71abe3e7","CompositionRelationship","","","id-6e62d25fb6024f08899ef2277727c577","id-7fc3bc52a4944ca6a49f1aa2c6a59a23",""
"id-20d430b61ac049fa9f9305ae99896bad","CompositionRelationship","","","id-b14b5061efbf4c668592164cd4701288","id-de7b342f1d4a4483a3089516cb6932f0",""
"id-0b7ee20455ac48c997acc9685b4bc096","CompositionRelationship","","","id-273555cd3fd54f03b1e41868aaf8038b","id-026c5eb4690d449ba672256fdf74fa48",""
"id-29c6f4a0f2d14910a3c6380e86a91b4a","CompositionRelationship","","","id-b14b5061efbf4c668592164cd4701288","id-f85f612b24764b0cb07f29d208447ce8",""
"id-c0511570705a419181a00ae3eff58d15","CompositionRelationship","","","id-ef0df9bf75d94dcab3bed5303b4361b9","id-848180646b3f41ea9477c023e68ea991",""
"id-7ccbb4f652be4c81843c649b56064708","CompositionRelationship","","","id-4839c070d92d432297e0d162b4a7ab39","id-109f53b9df184ca49019553bc74fb1ab",""
"id-07cfb0f6d4e94b9491f1af5f50866331","CompositionRelationship","","","id-e2e3bd37f1c94f92a24a96364ba0e3bb","id-4839c070d92d432297e0d162b4a7ab39",""
"id-d6fdc4f7fb2f476bb76e81b59df1ab0c","CompositionRelationship","","","id-ef0df9bf75d94dcab3bed5303b4361b9","id-c9646329066c42ffb3b4718d4dd4c4dc",""
"id-61ce136173d04cfaa9596cc5ac10f78e","CompositionRelationship","","","id-d6c554866a634b4f95630701f35a931a","id-6cc6d10a00f8434884c13b73f85b730c",""
"id-8013653465c74dc98610f2026d6d087c","FlowRelationship","","","id-f83bb093044945e69fe4c00f6118793b","id-e2e3bd37f1c94f92a24a96364ba0e3bb",""
"id-fb54673400b745fe811291bf4c2e81fa","FlowRelationship","","","id-e2e3bd37f1c94f92a24a96364ba0e3bb","id-f83bb093044945e69fe4c00f6118793b",""
"id-6dfd56035ced4ad2b3f2668364de9b44","FlowRelationship","","","id-fab0766e05ff4f0ca57e8e5c91713780","id-dfc4619d1573425b872404e1efc8b1b8",""
"id-39e251e4aaad42d1984c7504f8545bff","FlowRelationship","","","id-146e93c311164f37b9770f4f656ce6ed","id-d0911f734bb64711b84df76baad8b070",""
"id-ea3f7c83b8f04c6f8c3854a8960d6e56","FlowRelationship","","","id-dfc4619d1573425b872404e1efc8b1b8","id-e2e3bd37f1c94f92a24a96364ba0e3bb",""
"id-48afd84c0f794c43bb80501a10f1917e","FlowRelationship","","","id-d0911f734bb64711b84df76baad8b070","id-563b2110ee0141a193d1bb867a2d029e",""
"id-b2ff2045f2144ca2ba6e0a00b40667da","FlowRelationship","","","id-aa513e51053545c0b75876b8acc50b2b","id-10ca9fa9cd6e4b1abc7f0fdb40d07e80",""
"id-b0f393b0c138409ea3e6f16af1744309","FlowRelationship","","","id-e2e3bd37f1c94f92a24a96364ba0e3bb","id-bdf72d39edc244b480d567d93a17064c",""
"id-9beebcdb4beb47d4901c9f8d04a3ac1b","FlowRelationship","","","id-b6008759853f4aaea90ffae132502475","id-fab0766e05ff4f0ca57e8e5c91713780",""
"id-c7140991e4454b59bf779604c5740872","FlowRelationship","","","id-10ca9fa9cd6e4b1abc7f0fdb40d07e80","id-146e93c311164f37b9770f4f656ce6ed",""
"id-e5a0d9768d6940bdadd550746658a1e5","RealizationRelationship","","","id-ac2621a15c2d4b6986b01ee1dd69d9a6","id-02711e20a05444d3a7b33da5adfcc363",""
"id-8484db3958e041f0be2f1a7e9cae3ab7","RealizationRelationship","","","id-8c56071da1414281a3487296162d0261","id-9a39d3188be54778a781a8ed15f70253",""
"id-a81af14d9b7f4dfa90965102dd8214e3","RealizationRelationship","","","id-e2e3bd37f1c94f92a24a96364ba0e3bb","id-10ca9fa9cd6e4b1abc7f0fdb40d07e80",""
"id-1cdf98d0a8984fa782a3c55c0b5bdd03","RealizationRelationship","","","id-8c56071da1414281a3487296162d0261","id-cfdbae2759b343a39957116133ad9b65",""
"id-a07a02ebd14f4f50977fd605828d5b83","RealizationRelationship","","","id-139fa7c3e0d34f46a9a57b403c6cb084","id-d6b7c93b174349fb8e582d60d2fed089",""
"id-2756d9b90a8d4095838bb22ca5703a56","RealizationRelationship","","","id-139fa7c3e0d34f46a9a57b403c6cb084","id-b7af6d7507e54cd38b388608b154b89b",""
"id-e800b52c957142259932917686524ef8","RealizationRelationship","","","id-139fa7c3e0d34f46a9a57b403c6cb084","id-1ffe206f31e14e9c91c437fd7e4e5108",""
"id-733525c5142d470aac457cc223c906b7","RealizationRelationship","","","id-84bc574b7dd54a0aa15da7f3c796ee50","id-563b2110ee0141a193d1bb867a2d029e",""
"id-cf21e9dafc5748b79df6de93414b0690","RealizationRelationship","","","id-ac2621a15c2d4b6986b01ee1dd69d9a6","id-ad548d0fe72f4c7f8766cd8e754ce008",""
"id-1abd4e84398d4ee289f048dff10850a3","RealizationRelationship","","","id-77a46bd4b2b84f639fb085c3df4d63c4","id-5ca4f7a69bcd42238e141705e5b91772",""
"id-271c5515e48b4c4aaa5816f727c3f07b","RealizationRelationship","","","id-ac2621a15c2d4b6986b01ee1dd69d9a6","id-9a39d3188be54778a781a8ed15f70253",""
"id-e8fa37113f824435a154859f4dc3863f","RealizationRelationship","","","id-e2e3bd37f1c94f92a24a96364ba0e3bb","id-146e93c311164f37b9770f4f656ce6ed",""
"id-e263a6cf3984457ca22bedcd270a5402","RealizationRelationship","","","id-8c56071da1414281a3487296162d0261","id-5e1be14e39c54792b454f7c165a1f79d",""
"id-5fdd764be0f44a0596e67da957199d70","RealizationRelationship","","","id-dfc4619d1573425b872404e1efc8b1b8","id-10ca9fa9cd6e4b1abc7f0fdb40d07e80",""
"id-6afd8141f2454c2b8e754bec8d1cfda0","RealizationRelationship","","","id-b6008759853f4aaea90ffae132502475","id-6e6c4eee0d5240dca093c76fa3d59a89",""
"id-2aaaa0bf86854d1393971bb25777f873","RealizationRelationship","","","id-f3b8a8e02e3e4d259845b678c399fa27","id-bf08418d3e0c41049222f8801215d7a5",""
"id-f47682e440b247938f039eaaee6627fe","RealizationRelationship","","","id-8c56071da1414281a3487296162d0261","id-14241a891ccc4ad3af19cafb3437a9ef",""
"id-cb9e45443c6e4cfab4d78aae4b977640","RealizationRelationship","","","id-ac2621a15c2d4b6986b01ee1dd69d9a6","id-5e1be14e39c54792b454f7c165a1f79d",""
"id-e7129e700d3c4b8ab95495bc327fa560","RealizationRelationship","","","id-f3b8a8e02e3e4d259845b678c399fa27","id-6a9889a99f0a465a951db3a4dabb04cb",""
"id-1f8fba2172a5440d8307a9c3330a5796","RealizationRelationship","","","id-139fa7c3e0d34f46a9a57b403c6cb084","id-fd7e03b70020448a901ddb0e9ff56e57",""
"id-f65cd29f432f495f994cd2b3c6b4a0df","RealizationRelationship","","","id-a20c7c7d11684fe29996e6daa41bdada","id-622a90b1a9384b7abe96ae1438cf677b",""
"id-8571d137749c44e4b760694a410b366f","RealizationRelationship","","","id-bdf72d39edc244b480d567d93a17064c","id-d0911f734bb64711b84df76baad8b070",""
"id-5943a63c38574e97ab808ce7b328817a","RealizationRelationship","","","id-77a46bd4b2b84f639fb085c3df4d63c4","id-f3e9121bf2ab42fd9536f4ccb294a279",""
"id-3fdfc5b943bf47d6b8be693a60b68e37","RealizationRelationship","","","id-d233737f466f45519da3107b45acfd3f","id-b6936fa37d594b098ac7a79764571362",""
"id-9eb5d72d5eaf49efa18a87ceeef06fbf","RealizationRelationship","","","id-a20c7c7d11684fe29996e6daa41bdada","id-3c6e8e1321a64c2fb3b5470a5c4078b0",""
"id-3405acbf471044ee8a5de5baf22c565a","RealizationRelationship","","","id-b6008759853f4aaea90ffae132502475","id-2a5794037724434191ae58b95b64c332",""
"id-7319225f270546f3a947b870888ce90f","RealizationRelationship","","","id-fab0766e05ff4f0ca57e8e5c91713780","id-aa513e51053545c0b75876b8acc50b2b",""
"id-68b6d97204d54f74aebe834ce3f3339f","RealizationRelationship","","","id-a20c7c7d11684fe29996e6daa41bdada","id-cfdbae2759b343a39957116133ad9b65",""
"id-0c9ee9a77c864bac95d48d34d6b9b3d0","RealizationRelationship","","","id-ac2621a15c2d4b6986b01ee1dd69d9a6","id-6cc6d10a00f8434884c13b73f85b730c",""
"id-e26300b7c72840f08b3863b4ecebf58a","RealizationRelationship","","","id-a20c7c7d11684fe29996e6daa41bdada","id-27a9768187094d538d3f6947ce493e26",""
"id-1437fc84a1664e9dbcdfd97416c50511","RealizationRelationship","","","id-a20c7c7d11684fe29996e6daa41bdada","id-ca26f5f1d38746db97f05f2d725e03f4",""
"id-8fa94386d31f42a583fc9093def6d497","RealizationRelationship","","","id-a20c7c7d11684fe29996e6daa41bdada","id-29b1c37f61f94d2dbaa98dc68a6dece2",""
"id-781cc22288b94421b92649b1b396d024","ServingRelationship","","","id-a20c7c7d11684fe29996e6daa41bdada","id-039b2b7a1d91446f9a68e93031ae1e70",""
"id-5d01ce4a7ca4477293392fa0ad313f0e","ServingRelationship","","","id-1d90bb64fa264c84b1caf13713b9ec24","id-8c56071da1414281a3487296162d0261",""
"id-8ed2fb09ea274e4483d5f47b555174b7","ServingRelationship","","","id-3e0d6db1da5e44a59fd0b5bcb3acae2d","id-ee1741e5c1b740b6bedd87d79afdad59",""
"id-3a1802227cfe49519fe9b14a239b5e4b","ServingRelationship","","","id-1d90bb64fa264c84b1caf13713b9ec24","id-039b2b7a1d91446f9a68e93031ae1e70",""
"id-16d9d2a5ddad45299dabb1cdf58adaf1","ServingRelationship","","","id-c96086e82a3c4a28b78d3d565c52c60e","id-c45faf95dc9142ac9d8b429fe3393116",""
"id-d85a91367b99402abd6b92099840be93","ServingRelationship","","","id-039b2b7a1d91446f9a68e93031ae1e70","id-c45faf95dc9142ac9d8b429fe3393116",""
"id-23ea1f81773447308e2f47fd50c927cc","ServingRelationship","","","id-046412b68241467e841cf54bd140da82","id-8c56071da1414281a3487296162d0261",""
"id-6874c03182f7424ca060116f32c80c21","ServingRelationship","","","id-a20c7c7d11684fe29996e6daa41bdada","id-8c56071da1414281a3487296162d0261",""
"id-f2a772d0bcf24398a0e615fec8e3fc8d","ServingRelationship","","","id-039b2b7a1d91446f9a68e93031ae1e70","id-8af1049318c844208418f585711460bd",""
"id-c4c462d3c4dc409c9d83383b8e8bf575","ServingRelationship","","","id-591af9fc88994522b8974450cb138bdc","id-d233737f466f45519da3107b45acfd3f",""
"id-eb03edaae4cf47c0b80411b1fd807fea","ServingRelationship","","","id-d233737f466f45519da3107b45acfd3f","id-abe24cf55eb84fad89a42d741c539391",""
"id-745a3b8d918b4164a87a3addd8434c4a","ServingRelationship","","","id-039b2b7a1d91446f9a68e93031ae1e70","id-8c56071da1414281a3487296162d0261",""
"id-9bcf90f91c4947288f479288a3817090","ServingRelationship","","","id-d233737f466f45519da3107b45acfd3f","id-77a46bd4b2b84f639fb085c3df4d63c4",""
"id-d9458087f3184e6db447fa421e6d13f5","ServingRelationship","","","id-a20c7c7d11684fe29996e6daa41bdada","id-d233737f466f45519da3107b45acfd3f",""
"id-9a29122ab86d46a4a03e365f228d1017","ServingRelationship","","","id-b44cd6ed55a648d49df02398675e0a02","id-77a46bd4b2b84f639fb085c3df4d63c4",""
"id-6dbf2ac822354d0e8f0db3f3375ce83e","ServingRelationship","","","id-7537961dc41145acaf2cd61891a86902","id-e2e3bd37f1c94f92a24a96364ba0e3bb",""
"id-86dbb99ca43d4734aab3523ddede257c","ServingRelationship","","","id-7537961dc41145acaf2cd61891a86902","id-84bc574b7dd54a0aa15da7f3c796ee50",""
"id-6a23127e47364f77bd0981b0ddf47eb8","ServingRelationship","","","id-0cedc438075c49f1ae5cdb4771d5e40b","id-abe24cf55eb84fad89a42d741c539391",""
"id-11939d39d41e4c028c3c45c92866d4ac","ServingRelationship","","","id-a20c7c7d11684fe29996e6daa41bdada","id-ae0c3301ad50478cbc4da11843a62f35",""
"id-5f8c800065674883a0cc49e17d133d09","ServingRelationship","","","id-a20c7c7d11684fe29996e6daa41bdada","id-77a46bd4b2b84f639fb085c3df4d63c4",""
"id-2a63176c886c41b3b9b440b3542737bd","ServingRelationship","","","id-c45faf95dc9142ac9d8b429fe3393116","id-d233737f466f45519da3107b45acfd3f",""
"id-c4d0ff72b30245e68f404fbe82ba270a","ServingRelationship","","","id-7537961dc41145acaf2cd61891a86902","id-bdf72d39edc244b480d567d93a17064c",""
"id-a5daf03331d646a6b9c2f6f5e786d82a","ServingRelationship","","","id-60eadda102da4b3b938a3ad49a3d440b","id-bf08418d3e0c41049222f8801215d7a5",""
"id-e0be8bd271c84a84820b6f227595b0bb","ServingRelationship","","","id-c45faf95dc9142ac9d8b429fe3393116","id-0cedc438075c49f1ae5cdb4771d5e40b",""
"id-ed83ebbf9e544e29bf64179aa770794d","ServingRelationship","","","id-74b0e46454e54b46a1fd98fca10c93bf","id-fab0766e05ff4f0ca57e8e5c91713780",""
"id-130eb18b9a1c46c4a8fe4772aeda89ed","ServingRelationship","","","id-8c56071da1414281a3487296162d0261","id-3e0d6db1da5e44a59fd0b5bcb3acae2d",""
"id-c5fbdde6f0394221a45d00de9b8b758a","ServingRelationship","","","id-8c56071da1414281a3487296162d0261","id-039b2b7a1d91446f9a68e93031ae1e70",""
"id-db232bd4f5584ca1841d93e80d424815","ServingRelationship","","","id-7537961dc41145acaf2cd61891a86902","id-dfc4619d1573425b872404e1efc8b1b8",""
"id-bd7205d9d21d477bb34c261ccfd6d1bf","ServingRelationship","","","id-039b2b7a1d91446f9a68e93031ae1e70","id-3e0d6db1da5e44a59fd0b5bcb3acae2d",""
"id-d72de063a3f14e489c531f0ab468f614","ServingRelationship","","","id-77a46bd4b2b84f639fb085c3df4d63c4","id-951cb0a56d5e470aa0a036e260976291",""
"id-c1fd44807cb447189aa256c6a32e0b37","ServingRelationship","","","id-7537961dc41145acaf2cd61891a86902","id-f83bb093044945e69fe4c00f6118793b",""
"id-65707869bc3a420c8fc56ac8bd5c04ce","ServingRelationship","","","id-a20c7c7d11684fe29996e6daa41bdada","id-ee1741e5c1b740b6bedd87d79afdad59",""
"id-f5f219e648784da5aba428e5a2e2728d","SpecializationRelationship","","","id-c939c8998d2c4b538a3bfad7feadb7ba","id-f32b97627eb445d08c375dd18905fc96",""
"id-3c38e4e6d0794d40a9abf2fd315aba6b","SpecializationRelationship","","","id-bc6a67bc055f4598be6300ce51b18d64","id-c9a11b59f8cc49ae8fc793204a04aece",""
"id-81f2d005ae3d454db4b6141a55e15e3a","SpecializationRelationship","","","id-84bc574b7dd54a0aa15da7f3c796ee50","id-bdf72d39edc244b480d567d93a17064c",""
"id-0c90f57055da4d89aabaab02151036a4","SpecializationRelationship","","","id-e361c38b14034cb4a03d7378864bf6be","id-f83bb093044945e69fe4c00f6118793b",""
"id-423585fb4c304d0da59237db6ffe3cdd","SpecializationRelationship","","","id-8614077189064d3288d7ad1c16638a44","id-f32b97627eb445d08c375dd18905fc96",""
"id-8093ea8d0c6e41ce99e16990d9050bcd","TriggeringRelationship","","","id-0cedc438075c49f1ae5cdb4771d5e40b","id-abe24cf55eb84fad89a42d741c539391",""
"id-e76e705750434719bf9dc3e2badbc293","TriggeringRelationship","","","id-abe24cf55eb84fad89a42d741c539391","id-951cb0a56d5e470aa0a036e260976291",""
"id-23c61c8b32174ef9beeafb26f0a0cbf6","TriggeringRelationship","","","id-8c22b4aaeedc4b4dbf6a50a61e8af0fc","id-8f352ac54d33412580bf6b3c02d5f3dd",""
"id-52de980f8896456285ffa41200a08c8f","TriggeringRelationship","","","id-abe24cf55eb84fad89a42d741c539391","id-0cedc438075c49f1ae5cdb4771d5e40b",""
"id-e73d74c4641347648457ed234df7a791","TriggeringRelationship","","","id-ee1741e5c1b740b6bedd87d79afdad59","id-951cb0a56d5e470aa0a036e260976291",""
"id-af1e27ace51149cf8066e7bedb94885c","TriggeringRelationship","","","id-146e93c311164f37b9770f4f656ce6ed","id-60c63384392e4b34b32e80255882dff9",""
"id-9c88c9d47268438b86ff0243d00c88d8","TriggeringRelationship","","","id-aa513e51053545c0b75876b8acc50b2b","id-a34b7352238e433ebfd7d141d2ed3e35",""
"id-02b0bd0383cd4a439efd9511362cf4d2","TriggeringRelationship","","","id-0cedc438075c49f1ae5cdb4771d5e40b","id-8af1049318c844208418f585711460bd",""
"id-451cd8bed3c246138fe5dd023ad12628","TriggeringRelationship","","","id-951cb0a56d5e470aa0a036e260976291","id-abe24cf55eb84fad89a42d741c539391",""
"id-2224ac9ce0cf475dbb05f534912560a1","TriggeringRelationship","","","id-3e0d6db1da5e44a59fd0b5bcb3acae2d","id-ee1741e5c1b740b6bedd87d79afdad59",""
"id-ee49a7c2893143669b4b284f69a3f171","TriggeringRelationship","","","id-d0911f734bb64711b84df76baad8b070","id-60c63384392e4b34b32e80255882dff9",""
"id-2ed65affe4c0468e9e0fc0fb21b0a817","TriggeringRelationship","","","id-6cc4ef14112740aca52a39f64454a867","id-a0af72bbe7fe43e69ec45f25b678ffb6",""
"id-39e315e6cd6f4488aab64317f693ccfe","TriggeringRelationship","","","id-8af1049318c844208418f585711460bd","id-0cedc438075c49f1ae5cdb4771d5e40b",""
"id-8fcf4ee8c20140b09df6e381a2678e55","TriggeringRelationship","","","id-6cc4ef14112740aca52a39f64454a867","id-ee1741e5c1b740b6bedd87d79afdad59",""
"id-27b1cd95c87447ee9069aeb4291b7246","TriggeringRelationship","","","id-10ca9fa9cd6e4b1abc7f0fdb40d07e80","id-c9a11b59f8cc49ae8fc793204a04aece",""
"id-6cbb45cffa824b85b455b15c17e9265f","TriggeringRelationship","","","id-3e0d6db1da5e44a59fd0b5bcb3acae2d","id-8af1049318c844208418f585711460bd",""
"id-b4015fbb50a14ed59768e262a1367c8d","TriggeringRelationship","","","id-951cb0a56d5e470aa0a036e260976291","id-ee1741e5c1b740b6bedd87d79afdad59",""
"id-09a598ef5d0c485980b63b4a85187a06","TriggeringRelationship","","","id-8af1049318c844208418f585711460bd","id-3e0d6db1da5e44a59fd0b5bcb3acae2d",""
"id-deb250194e924fcdab7a9d4d83e05113","TriggeringRelationship","","","id-563b2110ee0141a193d1bb867a2d029e","id-6154fc708d304c598d2ffa53a05c04b8",""
"id-790ec33d90b44607a21b8fce74df17f1","TriggeringRelationship","","","id-ee1741e5c1b740b6bedd87d79afdad59","id-3e0d6db1da5e44a59fd0b5bcb3acae2d",""